{
   "answer_2_3_1": [
      1.0,
      2.0,
      4.0,
      8.0,
      16.0,
      32.0,
      64.0,
      128.0,
      256.0,
      512.0,
      1024.0,
      2048.0,
      4096.0,
      8192.0,
      16384.0,
      32768.0,
      65536.0,
      131072.0,
      262144.0,
      524288.0
   ],
   "answer_2a_1_1": 5.111111111111111,
   "answer_2a_2_1": 2.766644355108608,
   "answer_2a_3_1": [
      1.0,
      2.0,
      4.0,
      8.0,
      16.0,
      32.0,
      64.0,
      128.0,
      256.0,
      512.0,
      1024.0,
      2048.0,
      4096.0,
      8192.0,
      16384.0,
      32768.0,
      65536.0,
      131072.0,
      262144.0,
      524288.0
   ],
   "answer_2a_4_1": [
      -2.0,
      -1.8421052631578947,
      -1.6842105263157894,
      -1.5263157894736843,
      -1.368421052631579,
      -1.2105263157894737,
      -1.0526315789473686,
      -0.8947368421052633,
      -0.736842105263158,
      -0.5789473684210527,
      -0.42105263157894735,
      -0.26315789473684226,
      -0.10526315789473695,
      0.05263157894736814,
      0.21052631578947345,
      0.36842105263157876,
      0.5263157894736841,
      0.6842105263157894,
      0.8421052631578947,
      1.0
   ],
   "answer_2a_5_1": [
      60.0,
      59.5,
      59.0,
      58.5,
      58.0,
      57.5,
      57.0,
      56.5,
      56.0,
      55.5,
      55.0,
      54.5,
      54.0,
      53.5,
      53.0,
      52.5,
      52.0,
      51.5,
      51.0,
      50.5,
      50.0
   ],
   "answer_2a_7_1": [
      [
         1.0,
         1.0,
         0.0
      ],
      [
         0.0,
         2.0,
         1.0
      ],
      [
         1.0,
         0.0,
         1.0
      ]
   ],
   "answer_2a_7_2": [
      [
         1.0,
         3.0,
         0.0
      ],
      [
         3.0,
         1.0,
         1.0
      ],
      [
         1.0,
         1.0,
         1.0
      ]
   ],
   "answer_2a_7_3": [
      [
         4.0,
         4.0,
         1.0
      ],
      [
         7.0,
         3.0,
         3.0
      ],
      [
         2.0,
         4.0,
         1.0
      ]
   ],
   "answer_2a_8_1": [
      0.0,
      0.45883146774112354,
      0.6488856845230502,
      0.7947194142390263,
      0.9176629354822471,
      1.025978352085154,
      1.1239029738980326,
      1.2139539573337679,
      1.2977713690461004,
      1.3764944032233706,
      1.4509525002200232,
      1.5217718205053643,
      1.5894388284780525,
      1.654340383737022,
      1.7167901505579042,
      1.7770466332772772,
      1.8353258709644942,
      1.8918106058538344,
      1.9466570535691503,
      2.0
   ],
   "answer_2b_7_1": 0.0366918553317951,
   "answer_2b_7_2": 0.01653970889289945,
   "answer_2c_1_1": [
      1.996996996996997,
      5.0,
      8.993993993993994,
      11.996996996996996
   ],
   "answer_2c_1_2": [
      9.997745747363176,
      3.0003866395443684,
      4.99989327892551,
      1.524537509935199
   ],
   "answer_9_01_1": 6.4183815185375535,
   "answer_9_01_2": 0.7480603390895311,
   "answer_9_02_1": 10.418656108741393,
   "answer_9_02_2": 49.77550434153163,
   "answer_9_03_1": 3.2,
   "answer_9_05_1": 6.36,
   "answer_9_06_1": 4.872495729612022
}