{
   "answer_6_02": [
      3.0,
      1.6666666666666665,
      3.3333333333333335,
      2.0
   ],
   "answer_6_03_1": [
      [
         -0.18840579710144925,
         0.14492753623188404,
         -0.05797101449275364,
         0.536231884057971
      ],
      [
         -0.04347826086956523,
         -0.04347826086956521,
         0.2173913043478261,
         -0.2608695652173913
      ],
      [
         0.21739130434782605,
         0.2173913043478261,
         -0.08695652173913043,
         -0.6956521739130435
      ],
      [
         0.18840579710144928,
         -0.14492753623188406,
         0.057971014492753624,
         0.463768115942029
      ]
   ],
   "answer_6_03_2": 4,
   "answer_6_03_3": 69.00000000000001,
   "answer_6_05_1": [
      [
         3.0,
         -1.0
      ],
      [
         -1.0,
         3.0
      ]
   ],
   "answer_6_05_2": [
      2.0,
      4.0
   ],
   "answer_6_05_3": [
      [
         -0.7071067811865475,
         -0.7071067811865475
      ],
      [
         -0.7071067811865475,
         0.7071067811865475
      ]
   ],
   "answer_6_05_4": [
      [
         0.9999999999999998,
         0.0
      ],
      [
         0.984738762017721,
         0.005075536018021409
      ],
      [
         0.9394723809721283,
         0.019992308219850874
      ],
      [
         0.8657339201198545,
         0.04383551748968462
      ],
      [
         0.7660160939947951,
         0.07512888561772785
      ],
      [
         0.6436801987822083,
         0.1119050186911692
      ],
      [
         0.5028335460793587,
         0.15179957758730855
      ],
      [
         0.3481800969992581,
         0.19216513707349958
      ],
      [
         0.1848500114264094,
         0.23019974202829463
      ],
      [
         0.018214619986757566,
         0.26308450667183647
      ],
      [
         -0.1463061369748513,
         0.2881241787034343
      ],
      [
         -0.30343649909383347,
         0.3028844232800018
      ],
      [
         -0.448230626363144,
         0.3053196795663004
      ],
      [
         -0.5762443230514079,
         0.2938858018945574
      ],
      [
         -0.6836863602942205,
         0.2676323042645073
      ],
      [
         -0.7675438422378955,
         0.22626985656679832
      ],
      [
         -0.8256771040915256,
         0.17020969977714712
      ],
      [
         -0.8568808454573653,
         0.10057281375496929
      ],
      [
         -0.8609095399359488,
         0.019167937253724288
      ],
      [
         -0.8384665685623336,
         -0.0715611469080436
      ],
      [
         -0.7911579438599348,
         -0.16861734222060482
      ],
      [
         -0.7214128666193098,
         -0.26855802003803897
      ],
      [
         -0.6323746343040371,
         -0.36762475612055423
      ],
      [
         -0.5277665477942363,
         -0.4618899548869895
      ],
      [
         -0.4117383977192701,
         -0.5474145248519893
      ],
      [
         -0.2886998165715813,
         -0.6204102342747971
      ],
      [
         -0.16314723119163504,
         -0.6774000998685976
      ],
      [
         -0.039491325579947445,
         -0.7153701564920769
      ],
      [
         0.07810817907657713,
         -0.7319062239990257
      ],
      [
         0.1858939959111589,
         -0.7253098196232435
      ],
      [
         0.28064319549614203,
         -0.6946881403675914
      ],
      [
         0.35977464053652153,
         -0.6400140297507996
      ],
      [
         0.42142804423838964,
         -0.5621530080011312
      ],
      [
         0.46451196490970276,
         -0.4628557381412723
      ],
      [
         0.48871934835664244,
         -0.34471567072153675
      ],
      [
         0.49451057363450523,
         -0.21109300221701996
      ],
      [
         0.4830652915425796,
         -0.06600744017049984
      ],
      [
         0.4562056144201476,
         0.08599646295466737
      ],
      [
         0.4162943686869785,
         0.24000651716148952
      ],
      [
         0.36611311153620624,
         0.39091681234165404
      ],
      [
         0.30872540046044095,
         0.5336117990815227
      ],
      [
         0.24733135758123265,
         0.6631535262889499
      ],
      [
         0.18511986850128415,
         0.7749648443569913
      ],
      [
         0.12512478664491167,
         0.8650014817102286
      ],
      [
         0.0700912788477237,
         0.9299062828513855
      ],
      [
         0.022357957340574608,
         0.9671395434456009
      ],
      [
         -0.016240281207697438,
         0.9750802678061681
      ],
      [
         -0.04444471612372569,
         0.9530942718646819
      ],
      [
         -0.06161765964927779,
         0.9015663174032545
      ],
      [
         -0.06775801500596196,
         0.8218948413866396
      ],
      [
         -0.06348711423725295,
         0.7164492833370629
      ],
      [
         -0.05000570126485271,
         0.5884914569870222
      ],
      [
         -0.029024171305034152,
         0.4420638028099951
      ],
      [
         -0.002669330267314751,
         0.2818486403831954
      ],
      [
         0.0266280511911203,
         0.11300366304082615
      ],
      [
         0.05625978692095551,
         -0.0590201626247949
      ],
      [
         0.08357521673434146,
         -0.2286714496455093
      ],
      [
         0.10601846364578288,
         -0.3904947397951399
      ],
      [
         0.12126182431544041,
         -0.5393229625734666
      ],
      [
         0.12732926762323693,
         -0.6704587756756634
      ],
      [
         0.12270443109133689,
         -0.7798379983441336
      ],
      [
         0.10641815981307212,
         -0.8641690529327463
      ],
      [
         0.07811150050208177,
         -0.9210432699676983
      ],
      [
         0.038071108212706095,
         -0.9490120504643041
      ],
      [
         -0.012764798249371823,
         -0.9476281708985782
      ],
      [
         -0.0728305332898656,
         -0.9174499096498174
      ],
      [
         -0.13998640025084969,
         -0.8600081135749331
      ],
      [
         -0.21159953998729225,
         -0.7777377525571469
      ],
      [
         -0.28464900980171925,
         -0.6738768718534096
      ],
      [
         -0.35585085972574526,
         -0.5523370931289407
      ],
      [
         -0.4217980739573552,
         -0.41755088646627375
      ],
      [
         -0.47910955574193737,
         -0.2743016955408667
      ],
      [
         -0.5245818838980407,
         -0.1275436133197676
      ],
      [
         -0.5553373785179696,
         0.01778234728106498
      ],
      [
         -0.568962091461644,
         0.15692827688077401
      ],
      [
         -0.5636276824008258,
         0.28550879174502575
      ],
      [
         -0.5381917406390431,
         0.39965344617001103
      ],
      [
         -0.4922719434877562,
         0.4961364647616902
      ],
      [
         -0.42629047077983456,
         0.5724790820728729
      ],
      [
         -0.34148628102236717,
         0.6270209150841088
      ],
      [
         -0.23989414998304184,
         0.6589580654474378
      ],
      [
         -0.12429072472573521,
         0.6683470012989919
      ],
      [
         0.001890799744889371,
         0.6560746477673107
      ],
      [
         0.1346744733362561,
         0.6237964652126116
      ],
      [
         0.26967975140637745,
         0.5738455603219376
      ],
      [
         0.4022788833664636,
         0.5091170066921566
      ],
      [
         0.5277675511876518,
         0.4329325033860995
      ],
      [
         0.6415421756414582,
         0.34889123458155613
      ],
      [
         0.7392769645139812,
         0.2607132822943469
      ],
      [
         0.8170937093152963,
         0.17208216883603744
      ],
      [
         0.8717175495052175,
         0.08649305861895817
      ],
      [
