{
   "answer_5_01_1": 4.9651148319244385,
   "answer_5_02_1": 5756.42816610736,
   "answer_5_03_1": [
      0.03376524289842398,
      0.16939530676686765,
      0.3806904069584,
      0.619309593041593,
      0.8306046932331476,
      0.9662347571016031
   ],
   "answer_5_04_1": 326045071.665355
}